{
  "baseline": {
    "BioASQ": {
      "n": 136,
      "mean_f1": 0.848021,
      "max_f1": 0.94354,
      "min_f1": 0.773233,
      "std_f1": 0.035286
    },
    "MediQA": {
      "n": 250,
      "mean_f1": 0.837279,
      "max_f1": 0.889981,
      "min_f1": 0.780878,
      "std_f1": 0.019805
    }
  },
  "cot": {
    "BioASQ": {
      "n": 136,
      "mean_f1": 0.784588,
      "max_f1": 0.839821,
      "min_f1": 0.741718,
      "std_f1": 0.020193
    },
    "MediQA": {
      "n": 250,
      "mean_f1": 0.820264,
      "max_f1": 0.858341,
      "min_f1": 0.769472,
      "std_f1": 0.014978
    }
  },
  "meta": {
    "BioASQ": {
      "n": 136,
      "mean_f1": 0.822746,
      "max_f1": 0.903617,
      "min_f1": 0.754995,
      "std_f1": 0.028478
    },
    "MediQA": {
      "n": 250,
      "mean_f1": 0.831222,
      "max_f1": 0.88089,
      "min_f1": 0.779847,
      "std_f1": 0.018501
    }
  },
  "medrag": {
    "BioASQ": {
      "n": 136,
      "mean_f1": 0.907033,
      "max_f1": 1.0,
      "min_f1": 0.755975,
      "std_f1": 0.067691
    },
    "MediQA": {
      "n": 250,
      "mean_f1": 0.834465,
      "max_f1": 0.878877,
      "min_f1": 0.778366,
      "std_f1": 0.019108
    }
  },
  "medrag_fixed_k": {
    "BioASQ": {
      "n": 136,
      "mean_f1": 0.904911,
      "max_f1": 1.0,
      "min_f1": 0.780543,
      "std_f1": 0.064944
    },
    "MediQA": {
      "n": 250,
      "mean_f1": 0.834362,
      "max_f1": 0.878877,
      "min_f1": 0.763457,
      "std_f1": 0.019647
    }
  }
}